[
  {
    "model": "menu.ingredient",
    "pk": 109,
    "fields": {
      "title": "Гречневая крупа",
      "slug": "grechnevaia-krupa"
    }
  },
  {
    "model": "menu.ingredient",
    "pk": 110,
    "fields": {
      "title": "Петрушка",
      "slug": "petrushka"
    }
  },
  {
    "model": "menu.ingredient",
    "pk": 111,
    "fields": {
      "title": "Кориандр",
      "slug": "koriandr"
    }
  },
  {
    "model": "menu.ingredient",
    "pk": 112,
    "fields": {
      "title": "Стебель сельдерея",
      "slug": "stebel-seldereia"
    }
  },
  {
    "model": "menu.ingredient",
    "pk": 113,
    "fields": {
      "title": "Лимон",
      "slug": "limon"
    }
  },
  {
    "model": "menu.ingredient",
    "pk": 114,
    "fields": {
      "title": "Оливковое масло",
      "slug": "olivkovoe-maslo"
    }
  },
  {
    "model": "menu.ingredient",
    "pk": 115,
    "fields": {
      "title": "Соевый соус",
      "slug": "soevyi-sous"
    }
  },
  {
    "model": "menu.ingredient",
    "pk": 116,
    "fields": {
      "title": "Авокадо",
      "slug": "avokado"
    }
  },
  {
    "model": "menu.ingredient",
    "pk": 117,
    "fields": {
      "title": "Вяленые помидоры",
      "slug": "vialenye-pomidory"
    }
  },
  {
    "model": "menu.ingredient",
    "pk": 118,
    "fields": {
      "title": "Лимонный сок",
      "slug": "limonnyi-sok"
    }
  },
  {
    "model": "menu.ingredient",
    "pk": 119,
    "fields": {
      "title": "Молотый сушеный чеснок",
      "slug": "molotyi-sushenyi-chesnok"
    }
  },
  {
    "model": "menu.ingredient",
    "pk": 120,
    "fields": {
      "title": "Ржаной хлеб",
      "slug": "rzhanoi-khleb"
    }
  },
  {
    "model": "menu.ingredient",
    "pk": 121,
    "fields": {
      "title": "Перепелиное яйцо",
      "slug": "perepelinoe-iaitso"
    }
  },
  {
    "model": "menu.ingredient",
    "pk": 122,
    "fields": {
      "title": "Редис",
      "slug": "redis"
    }
  },
  {
    "model": "menu.ingredient",
    "pk": 123,
    "fields": {
      "title": "Черные кунжутные семечки",
      "slug": "chernye-kunzhutnye-semechki"
    }
  },
  {
    "model": "menu.ingredient",
    "pk": 124,
    "fields": {
      "title": "Соль",
      "slug": "sol"
    }
  },
  {
    "model": "menu.ingredient",
    "pk": 125,
    "fields": {
      "title": "Черный перец",
      "slug": "chernyi-perets"
    }
  },
  {
    "model": "menu.ingredient",
    "pk": 126,
    "fields": {
      "title": "Тыква",
      "slug": "tykva"
    }
  },
  {
    "model": "menu.ingredient",
    "pk": 127,
    "fields": {
      "title": "Батат",
      "slug": "batat"
    }
  },
  {
    "model": "menu.ingredient",
    "pk": 128,
    "fields": {
      "title": "Корень имбиря",
      "slug": "koren-imbiria"
    }
  },
  {
    "model": "menu.ingredient",
    "pk": 129,
    "fields": {
      "title": "Чеснок",
      "slug": "chesnok"
    }
  },
  {
    "model": "menu.ingredient",
    "pk": 130,
    "fields": {
      "title": "Морковь",
      "slug": "morkov"
    }
  },
  {
    "model": "menu.ingredient",
    "pk": 131,
    "fields": {
      "title": "Кинза",
      "slug": "kinza"
    }
  },
  {
    "model": "menu.ingredient",
    "pk": 132,
    "fields": {
      "title": "Красный лук",
      "slug": "krasnyi-luk"
    }
  },
  {
    "model": "menu.ingredient",
    "pk": 133,
    "fields": {
      "title": "Сливочное масло",
      "slug": "slivochnoe-maslo"
    }
  },
  {
    "model": "menu.ingredient",
    "pk": 134,
    "fields": {
      "title": "Вустерширский соус",
      "slug": "vustershirskii-sous"
    }
  },
  {
    "model": "menu.ingredient",
    "pk": 135,
    "fields": {
      "title": "Вырезка",
      "slug": "vyrezka"
    }
  },
  {
    "model": "menu.ingredient",
    "pk": 136,
    "fields": {
      "title": "Белокочанная капуста ",
      "slug": "belokochannaia-kapusta"
    }
  },
  {
    "model": "menu.ingredient",
    "pk": 137,
    "fields": {
      "title": "Помидор",
      "slug": "pomidor"
    }
  },
  {
    "model": "menu.ingredient",
    "pk": 138,
    "fields": {
      "title": "Огурец",
      "slug": "ogurets"
    }
  },
  {
    "model": "menu.ingredient",
    "pk": 139,
    "fields": {
      "title": "Кешью",
      "slug": "keshiu"
    }
  },
  {
    "model": "menu.ingredient",
    "pk": 140,
    "fields": {
      "title": "Шпинат",
      "slug": "shpinat"
    }
  },
  {
    "model": "menu.ingredient",
    "pk": 141,
    "fields": {
      "title": "Салатные листья",
      "slug": "salatnye-listia"
    }
  },
  {
    "model": "menu.ingredient",
    "pk": 142,
    "fields": {
      "title": "Манго",
      "slug": "mango"
    }
  },
  {
    "model": "menu.ingredient",
    "pk": 143,
    "fields": {
      "title": "Салат радиккьо",
      "slug": "salat-radikko"
    }
  },
  {
    "model": "menu.ingredient",
    "pk": 144,
    "fields": {
      "title": "Растительное масло",
      "slug": "rastitelnoe-maslo"
    }
  },
  {
    "model": "menu.ingredient",
    "pk": 145,
    "fields": {
      "title": "Свежий имбирь",
      "slug": "svezhii-imbir"
    }
  },
  {
    "model": "menu.ingredient",
    "pk": 146,
    "fields": {
      "title": "Коричневый сахар",
      "slug": "korichnevyi-sakhar"
    }
  },
  {
    "model": "menu.ingredient",
    "pk": 147,
    "fields": {
      "title": "Сок лайма",
      "slug": "sok-laima"
    }
  },
  {
    "model": "menu.ingredient",
    "pk": 148,
    "fields": {
      "title": "Рыбный соус",
      "slug": "rybnyi-sous"
    }
  },
  {
    "model": "menu.ingredient",
    "pk": 149,
    "fields": {
      "title": "Порошок чесночный",
      "slug": "poroshok-chesnochnyi"
    }
  },
  {
    "model": "menu.ingredient",
    "pk": 150,
    "fields": {
      "title": "Кунжутное масло",
      "slug": "kunzhutnoe-maslo"
    }
  },
  {
    "model": "menu.ingredient",
    "pk": 151,
    "fields": {
      "title": "Паста самбал оелек",
      "slug": "pasta-sambal-oelek"
    }
  },
  {
    "model": "menu.ingredient",
    "pk": 152,
    "fields": {
      "title": "Сахар",
      "slug": "sakhar"
    }
  },
  {
    "model": "menu.ingredient",
    "pk": 153,
    "fields": {
      "title": "Мед",
      "slug": "med"
    }
  },
  {
    "model": "menu.ingredient",
    "pk": 154,
    "fields": {
      "title": "Молотый черный перец",
      "slug": "molotyi-chernyi-perets"
    }
  },
  {
    "model": "menu.ingredient",
    "pk": 155,
    "fields": {
      "title": "Камбала",
      "slug": "kambala"
    }
  },
  {
    "model": "menu.ingredient",
    "pk": 156,
    "fields": {
      "title": "Молодая капуста",
      "slug": "molodaia-kapusta"
    }
  },
  {
    "model": "menu.ingredient",
    "pk": 157,
    "fields": {
      "title": "Свекла",
      "slug": "svekla"
    }
  },
  {
    "model": "menu.ingredient",
    "pk": 158,
    "fields": {
      "title": "Лук-порей",
      "slug": "luk-porei"
    }
  },
  {
    "model": "menu.ingredient",
    "pk": 159,
    "fields": {
      "title": "Эстрагон",
      "slug": "estragon"
    }
  },
  {
    "model": "menu.dish",
    "pk": 17,
    "fields": {
      "title": "Гречневый завтрак",
      "calories": 283,
      "meal_of_the_day": 1,
      "slug": "grechnevyi-zavtrak",
      "ingredients": [
        109,
        110,
        111,
        112,
        113,
        114,
        115
      ]
    }
  },
  {
    "model": "menu.dish",
    "pk": 18,
    "fields": {
      "title": "Супертост с авокадо",
      "calories": 713,
      "meal_of_the_day": 2,
      "slug": "supertost-s-avokado",
      "ingredients": [
        114,
        116,
        117,
        118,
        119,
        120,
        121,
        122,
        123,
        124,
        125
      ]
    }
  },
  {
    "model": "menu.dish",
    "pk": 19,
    "fields": {
      "title": "Тыквенный суп с имбирем",
      "calories": 217,
      "meal_of_the_day": 3,
      "slug": "tykvennyi-sup-s-imbirem",
      "ingredients": [
        111,
        114,
        124,
        125,
        126,
        127,
        128,
        129,
        130,
        131,
        132,
        133,
        134
      ]
    }
  },
  {
    "model": "menu.dish",
    "pk": 20,
    "fields": {
      "title": "Салат с пряной говядиной и овощами",
      "calories": 1715,
      "meal_of_the_day": 4,
      "slug": "salat-s-prianoi-goviadinoi-i-ovoshchami",
      "ingredients": [
        114,
        115,
        116,
        124,
        129,
        130,
        135,
        136,
        137,
        138,
        139,
        140,
        141,
        142,
        143,
        144,
        145,
        146,
        147,
        148,
        149,
        150,
        151,
        152,
        153,
        154
      ]
    }
  },
  {
    "model": "menu.dish",
    "pk": 21,
    "fields": {
      "title": "Печеная камбала с капустой и пореем",
      "calories": 329,
      "meal_of_the_day": 5,
      "slug": "pechenaia-kambala-s-kapustoi-i-poreem",
      "ingredients": [
        113,
        114,
        129,
        155,
        156,
        157,
        158,
        159
      ]
    }
  },
  {
    "model": "menu.dailymeal",
    "pk": 4,
    "fields": {
      "title": "Разнообразный понедельник",
      "dish_1": 17,
      "dish_2": 18,
      "dish_3": 19,
      "dish_4": 20,
      "dish_5": 21,
      "calories": 3257
    }
  }
]